method,cumulative_return,cagr,ann_vol,sharpe,sortino,max_drawdown,annual_turnover,tracking_error,waci,n_oos_days,n_failed_rebal,n_waci_skipped,score_sharpe,score_max_drawdown,score_turnover,score_tracking_error,composite_score,rank
equal_weight,1.926255,0.232173,0.129936,1.518632,1.929979,-0.130766,0.000000,0.070598,162.966750,1296,0,0,1.000000,0.000000,1.000000,1.000000,0.750000,1
score_tilted,1.923472,0.231945,0.132803,1.487303,1.882008,-0.134047,0.000000,0.068687,182.683149,1296,0,0,0.824744,0.122399,1.000000,1.000000,0.710497,2
black_litterman,1.897706,0.229827,0.133367,1.468674,1.855026,-0.138181,0.034288,0.068801,223.624549,1296,0,0,0.720540,0.276610,0.857737,1.000000,0.686029,3
hrp,1.586240,0.202932,0.116725,1.470565,1.944070,-0.132943,0.095280,0.079873,145.683554,1296,0,0,0.731115,0.081224,0.604677,1.000000,0.603453,4
min_volatility,1.566719,0.201161,0.117200,1.452511,1.906120,-0.134765,0.113784,0.082011,171.830591,1296,0,0,0.630122,0.149181,0.527905,0.966484,0.561827,5
max_sharpe,1.573597,0.201787,0.128482,1.339866,1.739501,-0.157573,0.241019,0.078688,102.805733,1296,0,0,0.000000,1.000000,0.000000,1.000000,0.450000,6
